{"1": 0.3014548610735801, "2": 0.08694200914760586, "3": 0.24176927126973166, "7": 0.10085443591378862, "9": 0.43017678308387985, "14": 0.2639808371895924, "15": 0.32082425605040044, "17": 0.1602415977686178, "18": 0.22447466108133082, "19": 0.09745804163685534, "0": 0.11242207165196304, "4": 0.06130562724138144, "5": 0.20759216567967087, "6": 0.21603341338050086, "8": 0.2484341621311614, "10": 0.09107736786972964, "11": 0.007403855306620243, "12": 0.11493739293655379, "13": 0.003979039320256561, "16": 0.07318590178329032}