{"1": 0.5076969955553068, "2": 0.25498536615486955, "3": 0.4668692099585314, "7": 0.2645350605234853, "9": 0.6950671149752452, "14": 0.5180282869332586, "15": 0.6106972705310909, "17": 0.3866205133817857, "18": 0.5009184178561554, "19": 0.26149393761443207, "0": 0.25777069367904915, "4": 0.3227000888728071, "5": 0.43806380745081697, "6": 0.452985204901779, "8": 0.4860538638240541, "10": 0.3637978807091713, "11": 0.1602273869139026, "12": 0.2503526275177137, "13": 0.154557255882537, "16": 0.33379876640537987}